bin/gate/src/engine.rs::findings_from_stdout	8
bin/gate/src/engine.rs::run_named	7
bin/gate/src/engine.rs::run_one	19
bin/gate/src/main.rs::main	9
bin/gate/src/rules/issues.rs::check_content	47
bin/gate/src/rules/issues.rs::looks_like_path_ref	13
bin/gate/src/rules/pull_requests.rs::check_content	34
bin/gate/src/rules/reviews.rs::run	29
bin/gate/src/shared.rs::apply_global_overrides	8
bin/gate/src/shared.rs::apply_severity_overrides	7
bin/gate/src/shared.rs::gh_api_paginate	7
bin/gate/src/tools/audit.rs::check_pr_body	8
bin/gate/src/tools/audit.rs::run	19
bin/gate/src/tools/audit.rs::scan_recent	9
bin/gate/src/tools/cleanup.rs::run	30
bin/gate/src/tools/code.rs::run_lang	22
bin/gate/src/tools/code.rs::walk	7
bin/gate/src/tools/docs_hygiene.rs::check_file	21
bin/gate/src/tools/docs_hygiene.rs::visit_files	8
bin/gate/src/tools/gh_wrap.rs::auto_link_sub	7
bin/gate/src/tools/gh_wrap.rs::extract	17
bin/gate/src/tools/gh_wrap.rs::find_real_gh	13
bin/gate/src/tools/gh_wrap.rs::gh_args	9
bin/gate/src/tools/gh_wrap.rs::intercept_issue_close	19
bin/gate/src/tools/gh_wrap.rs::intercept_issue_create	22
bin/gate/src/tools/gh_wrap.rs::intercept_pr_create	11
bin/gate/src/tools/gh_wrap.rs::intercept_pr_merge	28
bin/gate/src/tools/gh_wrap.rs::query_open_subs	7
bin/gate/src/tools/git.rs::find_pr_for_branch	7
bin/gate/src/tools/init.rs::find_rules_pack	7
bin/gate/src/tools/init.rs::install	19
bin/gate/src/tools/init.rs::walk	11
bin/gate/src/tools/merge.rs::run	17
bin/gate/src/tools/merge.rs::run_review_rules	9
bin/gate/src/tools/pre_commit.rs::check_commit_pr_consistency	11
bin/gate/src/tools/pre_commit.rs::check_commit_title	8
bin/gate/src/tools/pre_commit.rs::run	7
bin/gate/src/tools/review.rs::format_ocr_results	7
bin/gate/src/tools/review.rs::run	17
bin/gate/src/tools/tests_check.rs::check_file	9
bin/gate/src/tools/tests_check.rs::glob_to_regex	7
bin/gate/src/tools/tests_check.rs::run_in	14
bin/gate/src/tools/workspace.rs::run_file_placement	14
bin/gate/src/tools/workspace.rs::run_tree_hygiene	16
